Pandal Name,Address / Area / Locality,Known For,Concept/Theme,Crowd Level / Best Time to Visit,Immersion Date,Nearest Metro/Bus Stop,Idol Height/Theme,Year Established,Source/Verified Status,Google Maps Link,Latitude,Longitude,Photos/Video/Reel link
Ashok Yuvajana Sangam,"RP Road, Secunderabad",Organized and sponsored by prominent local leader/MLA T. Padma Rao Goud. It is one of the most culturally active and visited community-led pandals in Secunderabad.,"Features a mini moving-statue drama (mechanical figures) or a short digital projection/laser show paired with high-energy audio dialogues, retelling a mythological story (such as Ganesha's birth, Lord Shiva vs. Demons, or The story of the Mushika)","Extremely High; 
Crowded during evening weekends and show times",9/25/2026,"Parade Ground Metro Station
RP Road Bata Bus Stop",15-20 Feets,Active across several decades,Verified,https://maps.app.goo.gl/vENncR4RgLhqShfo7,"17°26'02.7""N","78°29'40.8""E",https://www.instagram.com/twin_cities_ke_raja?stkn=MWRtbTllMmU1ZDg1MQ==
Secunderabad Ka Raja,"RP Road, Secunderabad","The organizing Dundigalla family shares a long-standing association with the Congress party, notably driven by leaders like Nagendhar Raj and Mallikarjun Dundigalla.","Historically inspired royalty themes. The idol is designed to look like a regal king sitting on a grand throne (""Raja"" style)","High during late evenings (7:30 PM – 10:30 PM) due to the combined footfall with the adjacent pandals. 
Best time to visit is early evening (6:30-7:30 PM) or late night (after 11 PM) for a peaceful view.",9/25/2026,"Parade Ground Metro Station
RP Road Bata Bus Stop",15-20 Feets,"Active across several decades
(Since 1979)",Verified,https://maps.app.goo.gl/Z9DeLMLpJksBQdQeA,17.43418044,78.49415481,https://www.instagram.com/secunderabad_ka_raja?stkn=MTJ2OGo5MjlyZWVzcw==
Khairatabad Ganesh,"Khairatabad, Hyderabad",Tallest and most iconic Ganesh idol in Telangana; massive crowds and elaborate mythological sets,"2026: Panchamukha Sankatahara Maha Ganapati (5-faced form), with a 15-ft Somnath Jyotirlinga and Kalika Mata replica alongside",Very High - avoid 6-10 PM; early morning (6-9 AM) or late night (past midnight) is calmer,9/25/2026,Khairatabad Metro Station (Red Line),"69 ft (2026, confirmed by committee) - clay idol","Active across several decades 
(Since 1954)",Verified,https://maps.app.goo.gl/a3g9VXiotMFFpWkw5,17.41093203,78.46407495,https://www.instagram.com/khairatabad_ganesh_?stkn=MW5tN3VzbjdrY214eQ==
Ghasmandi Ka Raja,"Ghasmandi, Secunderabad","Celebrated as ""Ghasmandi Ka Raja"". It is heavily patronized by the family of Talasani Srinivas Yadav (and his son Talasani Sai Kiran Yadav), serving as a core festive base for the BRS (Bharat Rashtra Samithi) party cadre in the Secunderabad constituency area.",Grand traditional and regional mythological themes. It often incorporates grand temple-style backdrops and sets reflecting Telangana's heritage.,Best time to visit is late mornings or afternoon for a relaxed darshan,9/25/2026,"Parade Ground/ Secunderabad East Metro Station
RP Road Bata Bus Stop",15-20 Feets,Run for several decades by the New Friends Star Association,Verified,https://maps.app.goo.gl/kR9HFK3kXRWCTyc79,17.43320222,78.4945387,
Ganesh Friends Association,"Subash Road, Secunderabad","Organized and anchored by the family and followers of senior BJP leader Bhawarlal Varma. It acts as a major political-religious focal point on Subhash Road, regularly welcoming top-tier state and national BJP leadership","The decorations regularly incorporate historical fort structures, replicas of ancient temples, or themes celebrating cultural nationalism.",Crowded during late evenings (7:00 PM – 10:00 PM),9/25/2026,"Parade Ground/ Secunderabad East Metro Station
RP Road Bata Bus Stop",15-20 Feets,"Run for Several decaded.
Backed by a long-running local youth association",Verified,https://maps.app.goo.gl/FiEUFezkZTznKrbk6,17.43598896,78.49214148,https://www.facebook.com/people/Ganesh-Friends-AssociationSubhash-RoadSecunderabad/100067992460897/
YMCA Ganesha,"Jubliee Bus Stand (JBS), Secunderabad","Famous as ""YMCA Ganesha"", it is traditionally the second-tallest idol in the twin cities. It is uniquely organized by the Adarsh Lorry Owners Association.","Monumental grandeur. The theme focuses on scale and massive structural artistry, presenting Lord Ganesha in iconic, towering postures mimicking prominent heritage temple deities.",High in the evenings due to its massive scale and proximity to a major transit hub. Best time to visit is between 1:00 PM and 4:30 PM,9/25/2026,JBS Parade Ground Metro Station is located right next to it. The Secunderabad Jubilee Bus Station (JBS) is also a mere walking distance away.,15-20 Feets,"Established in 1975, carrying a legacy of over 50 years",Verified,https://maps.app.goo.gl/BAKZytnvFf3vP4XPA,"17°26'22.2""N","78°29'51.0""E",
Ramnagar Siddiq Bhai Ganesh,"Ram Nagar, Secunderabad",Global symbol of communal harmony; organized by a Muslim devotee (Mohammed Siddiq) along with Hindu-Muslim youth networks for 20+ years.,Communal Unity & Grand Royal Devotion; famous for presenting a massive 786-kg laddu offering,High; late evening (7:30 PM - 10:00 PM),9/25/2026,RTC X Roads Metro Station / Ramnagar Gundu Bus Stop,15-20 Feets,2005,Verified,https://maps.app.goo.gl/MCgKvyBrqjT1kB2h6,17.41014032,78.50886145,https://www.instagram.com/ramnagar_siddiq_bhai_ganesh/?hl=en
Ramnagar Ka Raja,"Ram Nagar, Secunderabad",The premier heavyweight neighborhood pandal famous for adopting a high-energy Mumbai-style Dhol Tasha agaman (arrival) procession.,Regal King (Raja) on massive ornamental thrones with hyper-realistic clay craftsmanship.,Extremely High; after 8:00 PM,9/25/2026,Musheerabad Metro Station / Ramnagar X Road Bus Stop,20 to 25 Feets,2010,Verified,https://maps.app.goo.gl/hF5pbbh5rEks4riR8,17.41074429,78.50970903,https://www.instagram.com/ramnagar_ka_raja_?stkn=MWFqcGJ2eWdoc3lhdQ==
TEAM TRT GANESH,"Ram Nagar, Secunderabad",Famous as 'TRT Ka Raja'. Renowned for holding one of the earliest and largest Mumbai-style high-energy public arrival (Aagaman) processions in the area.,"Grand Regal King theme ('Raja' style) set inside highly detailed, heavy structural backdrops",High; late evening (7:30 PM - 10:00 PM),9/25/2026,RTC X Roads Metro Station / Ramnagar Gundu Bus Stop,15-20 Feets,1963,Verified,https://maps.app.goo.gl/b3erfCGsEbfE6nEo6,17.40922917,78.50798169,https://www.instagram.com/ramnagar_trt_ka_raja?stkn=MXgxem1nYzN0ZzJ2Yg==
Balapur Ganesh,"Balapur, Hyderabad",Landmark pioneer of the city-wide festival. Most famous globally for initiating the historic 21-kg Golden Laddu (Bangaru Laddu) open auction that officially flags off Hyderabad's grand immersion procession (Shobha Yatra) every year.,Traditional royal postures combined with grand replicas of iconic Indian temples (such as the Arunachalam or Kanaka Durga temple sets) built by specialized artisans.,Extremely High; completely packed on the final morning of the festival during the highly competitive live laddu bidding. Best time to visit for public darshan is early afternoon during the first 9 days.,9/25/2026,Santoshnagar Bus Stop or Chandrayangutta Bus Stop (located on the southern fringes of the city). No direct metro line connects right to the old village section.,18-25 Feets,Founded in 1980 by the Balapur Ganesh Utsav Samithi. The legendary laddu auction custom later began in 1994 starting at a mere ₹450.,Verified,https://maps.app.goo.gl/vTAzyHYgCBcJc1Xp9,17.31057064,78.49929458,https://www.instagram.com/balapurganeshofficial/?hl=en
Shiva Bhajan Samaj,"Old Bhoiguda, Secunderabad","Being one of the oldest (114 years) traditional Ganesh pandals in Secunderabad, traditional Telangana cultural rituals. Ganesh is placed inside the temple.","A historical local shrine dedicated to Lord Shiva, known for hosting community devotional gatherings and bhajans with a heritage spanning over a century in the area.",Medium; late evening (7:30 PM - 9:30 PM),9/25/2026,"Parade Ground/ Secunderabad East Metro Station
RP Road Bata Bus Stop",3-5 Feets,1912,Verified,https://maps.app.goo.gl/qSBeRMrzbfqi8fWW8,17.43540538,78.49161188,https://www.facebook.com/share/1DpGms9hxf/
Hyderabad Ka Raja (Team Netaji / Warasiguda Youth Ganesh),"Road No. 3, Warasiguda, Secunderabad","Innovative technological themes, grand lighting setups, and hosting 3D Ganesha visual projections and laser shows.","High-tech visual themes, 3D digital projections, and elaborate light illuminations","Crowd Level: Very High during light/laser shows
Best Time: Early afternoon (1:00 PM – 4:00 PM) for quick darshan; 8:00 PM onwards to view light shows",9/25/2026,"Metro: Arts College Metro Station / Mettuguda Metro Station (~1 km)
Bus Stop: Warasiguda Bus Stop",15-25 Feets,NA,Verified,https://maps.app.goo.gl/fSK71Mn83UvYYtRL8,17.42007068,78.51910556,"https://www.google.com/maps/place/Hyderabad+ka+raja/@17.419834,78.5190614,3a,75y,90t/data=!3m8!1e2!3m6!1sCIABIhBhLkCzftZ0QbZRrgY0LzE_!2e10!3e12!6shttps:%2F%2Flh3.googleusercontent.com%2Fgps-cs-s%2FAHRPTWkNIdek7yVf7XAwhGcbWKzInl2jk5G6FT_ZAN79A2nFx1-NXbDQcVA8IPnT_F-GkOIkNAL5NqjwdBcps-ifjdhhV2vOVlwrNe-3JgjoNZw1W6UYZaRJi-66ubGunPHYfwAAPt6hAWhc7bbI%3Dw224-h298-k-no!7i3072!8i4080!4m13!1m2!2m1!1sHyderabad+Ka+Raja+(Warasiguda+Road+No.+3)!3m9!1s0x3bcb9916321cdd9b:0xf4440ec7f68d391!8m2!3d17.419834!4d78.5190614!10e5!14m1!1BCgIgAQ!15sCilIeWRlcmFiYWQgS2EgUmFqYSAoV2FyYXNpZ3VkYSBSb2FkIE5vLiAzKZIBDGhpbmR1X3RlbXBsZeABAA!16s%2Fg%2F11yjg458ws?entry=ttu&g_ep=EgoyMDI2MDkwMi4wIKXMDSoASAFQAw%3D%3D"
Warasiguda Big Ganesh Mandap,,,,,,,,,,,,,
Hanuman Sena Ganesh Mandal,"Old Bowenpally, Secunderabad",,,,,,,,Verified,https://maps.app.goo.gl/wHSSvcJc3RuAHMm26,17.47345503,78.48455015,
Mettuguda Ayyappa Galli Ganesh Utsav Samithi,"Mettuguda, Secunderabad",,,,,,,,Verified,https://maps.app.goo.gl/FJYyuLC3XUhsEcx99,17.43676901,78.51737955,
Trishul Youth Association Ganesh Mandapam,"Ram Nagar, Secunderabad",,,,,,,,Verified,https://maps.app.goo.gl/Tj7aBrVxbVJoSv7v6,17.41073285,78.50969368,
,,,,,,,,,,,,,
,,,,,,,,,,,,,
,,,,,,,,,,,,,
,,,,,,,,,,,,,
,,,,,,,,,,,,,
Warasiguda Ganesha's,5,,,,,,,,,,,,
Begum Bazar,5,,,,,,,,,,,,
Himayat Nagar,2,,,,,,,,,,,,
Old City,5,,,,,,,,,,,,